"Title","kernbench"
"Value","Series Label","Build Number","Build Date","URL"
"2754","UserRuntime","1","1518463448444",""
"2717","RunTimeSpeed","1","1518464680360",""
"2746","RunTimeSpeed","1","1518464680360",""
"2758","RunTimeSpeed","1","1518464680360",""
"2736","RunTimeSpeed","1","1518464680360",""
"2783","RunTimeSpeed","1","1518464680360",""
"2766","RunTimeSpeed","1","1518464680360",""
"2756","RunTimeSpeed","1","1518464680360",""
"2770","RunTimeSpeed","1","1518464680360",""
"2751","RunTimeSpeed","1","1518464680360",""
"2740","RunTimeSpeed","1","1518464680360",""
"2740","RunTimeSpeed","1","1518464680360",""
"2717","RunTimeSpeed","1","1518464680360",""
"2717","RunTimeSpeed","1","1518465067332",""
"2746","RunTimeSpeed","1","1518465067332",""
"2758","RunTimeSpeed","1","1518465067332",""
"2736","RunTimeSpeed","1","1518465067332",""
"2783","RunTimeSpeed","1","1518465067332",""
"2766","RunTimeSpeed","1","1518465067332",""
"2756","RunTimeSpeed","1","1518465067332",""
"2770","RunTimeSpeed","1","1518465067332",""
"2751","RunTimeSpeed","1","1518465067332",""
"2740","RunTimeSpeed","1","1518465067332",""
"2740","RunTimeSpeed","1","1518465067332",""
"2717","RunTimeSpeed","1","1518465067332",""
"2852","RunTimeSpeed","1","1518465067332",""
"2741","RunTimeSpeed","1","1518465067332",""
